Segment,Country,Product,Discount Band,Units Sold,Manufacturing Price,Sale Price,Gross Sales,Discounts,Sales,COGS,Profit,Date,Year
Government,Germany,Carretera,None,1513,3,350,"5,29,550",0,"5,29,550","3,93,380","1,36,170",Dec-23,2023
Government,Germany,Paseo,None,1006,10,350,"3,52,100",0,"3,52,100","2,61,560","90,540",Jun-23,2023
Government,Canada,Paseo,None,1725,10,350,"6,03,750",0,"6,03,750","4,48,500","1,55,250",Nov-22,2022
Government,Germany,Paseo,None,1513,10,350,"5,29,550",0,"5,29,550","3,93,380","1,36,170",Dec-23,2023
Government,Germany,Velo,None,1006,120,350,"3,52,100",0,"3,52,100","2,61,560","90,540",Jun-23,2023
Government,France,VTT,None,1527,250,350,"5,34,450",0,"5,34,450","3,97,020","1,37,430",Sep-22,2022
Government,France,Amarilla,None,2750,260,350,"9,62,500",0,"9,62,500","7,15,000","2,47,500",Feb-23,2023
Government,Mexico,Carretera,Low,1210,3,350,"4,23,500","4,235","4,19,265","3,14,600","1,04,665",Mar-23,2023
Government,Mexico,Carretera,Low,1397,3,350,"4,88,950","4,890","4,84,061","3,63,220","1,20,841",Oct-23,2023
Government,France,Carretera,Low,2155,3,350,"7,54,250","7,543","7,46,708","5,60,300","1,86,408",Dec-23,2023
Government,France,Paseo,Low,2155,10,350,"7,54,250","7,543","7,46,708","5,60,300","1,86,408",Dec-23,2023
Government,Canada,VTT,Low,943.5,250,350,"3,30,225","3,302","3,26,923","2,45,310","81,613",Apr-23,2023
Government,Mexico,VTT,Low,1397,250,350,"4,88,950","4,890","4,84,061","3,63,220","1,20,841",Oct-23,2023
Government,Canada,Carretera,Low,2852,3,350,"9,98,200","19,964","9,78,236","7,41,520","2,36,716",Dec-23,2023
Government,Canada,Paseo,Low,2852,10,350,"9,98,200","19,964","9,78,236","7,41,520","2,36,716",Dec-23,2023
Government,Germany,Velo,Low,2966,120,350,"10,38,100","20,762","10,17,338","7,71,160","2,46,178",Oct-22,2022
Government,Germany,Velo,Low,2877,120,350,"10,06,950","20,139","9,86,811","7,48,020","2,38,791",Oct-23,2023
Government,Germany,VTT,Low,2877,250,350,"10,06,950","20,139","9,86,811","7,48,020","2,38,791",Oct-23,2023
Government,United States of America,VTT,Low,266,250,350,"93,100","1,862","91,238","69,160","22,078",Dec-22,2022
Government,Mexico,VTT,Low,1940,250,350,"6,79,000","13,580","6,65,420","5,04,400","1,61,020",Dec-22,2022
Government,Germany,Amarilla,Low,2966,260,350,"10,38,100","20,762","10,17,338","7,71,160","2,46,178",Oct-22,2022
Government,Germany,Montana,Low,1797,5,350,"6,28,950","18,869","6,10,082","4,67,220","1,42,862",Sep-22,2022
Government,Mexico,VTT,Low,1642,250,350,"5,74,700","17,241","5,57,459","4,26,920","1,30,539",Aug-23,2023
Government,United States of America,Carretera,Low,274,3,350,"95,900","3,836","92,064","71,240","20,824",Dec-23,2023
Government,United States of America,Paseo,Low,3450,10,350,"12,07,500","48,300","11,59,200","8,97,000","2,62,200",Jul-23,2023
Government,United States of America,Paseo,Low,274,10,350,"95,900","3,836","92,064","71,240","20,824",Dec-23,2023
Government,France,Velo,Low,2177,120,350,"7,61,950","30,478","7,31,472","5,66,020","1,65,452",Oct-23,2023
Government,United States of America,VTT,Low,349,250,350,"1,22,150","4,886","1,17,264","90,740","26,524",Sep-22,2022
Government,France,VTT,Low,2177,250,350,"7,61,950","30,478","7,31,472","5,66,020","1,65,452",Oct-23,2023
Government,Mexico,Amarilla,Low,1865,260,350,"6,52,750","26,110","6,26,640","4,84,900","1,41,740",Feb-23,2023
Government,Germany,Amarilla,Low,1907,260,350,"6,67,450","26,698","6,40,752","4,95,820","1,44,932",Sep-23,2023
Government,Canada,Amarilla,Low,1778,260,350,"6,22,300","24,892","5,97,408","4,62,280","1,35,128",Dec-22,2022
Government,France,Montana,Medium,1384.5,5,350,"4,84,575","24,229","4,60,346","3,59,970","1,00,376",Jan-23,2023
Government,Mexico,Montana,Medium,720,5,350,"2,52,000","12,600","2,39,400","1,87,200","52,200",Sep-22,2022
Government,United States of America,Paseo,Medium,602,10,350,"2,10,700","10,535","2,00,165","1,56,520","43,645",Jun-23,2023
Government,Canada,Paseo,Medium,1228,10,350,"4,29,800","21,490","4,08,310","3,19,280","89,030",Oct-22,2022
Government,United States of America,Velo,Medium,602,120,350,"2,10,700","10,535","2,00,165","1,56,520","43,645",Jun-23,2023
Government,Germany,Amarilla,Medium,1350,260,350,"4,72,500","23,625","4,48,875","3,51,000","97,875",Feb-23,2023
Government,Canada,Amarilla,Medium,552,260,350,"1,93,200","9,660","1,83,540","1,43,520","40,020",Aug-23,2023
Government,Canada,Amarilla,Medium,1228,260,350,"4,29,800","21,490","4,08,310","3,19,280","89,030",Oct-22,2022
Government,Mexico,Montana,Medium,980,5,350,"3,43,000","20,580","3,22,420","2,54,800","67,620",Apr-23,2023
Government,Germany,Montana,Medium,1460,5,350,"5,11,000","30,660","4,80,340","3,79,600","1,00,740",May-23,2023
Government,France,Paseo,Medium,1496,10,350,"5,23,600","31,416","4,92,184","3,88,960","1,03,224",Jun-23,2023
Government,United States of America,Paseo,Medium,727,10,350,"2,54,450","15,267","2,39,183","1,89,020","50,163",Oct-22,2022
Government,France,Velo,Medium,1496,120,350,"5,23,600","31,416","4,92,184","3,88,960","1,03,224",Jun-23,2023
Government,France,Velo,Medium,2076,120,350,"7,26,600","43,596","6,83,004","5,39,760","1,43,244",Oct-22,2022
Government,Mexico,Amarilla,Medium,1679,260,350,"5,87,650","35,259","5,52,391","4,36,540","1,15,851",Sep-23,2023
Government,United States of America,Amarilla,Medium,727,260,350,"2,54,450","15,267","2,39,183","1,89,020","50,163",Oct-22,2022
Government,France,Amarilla,Medium,2076,260,350,"7,26,600","43,596","6,83,004","5,39,760","1,43,244",Oct-22,2022
Government,United States of America,Carretera,Medium,1761,3,350,"6,16,350","43,145","5,73,206","4,57,860","1,15,346",Mar-23,2023
Government,France,Amarilla,Medium,2876,260,350,"10,06,600","70,462","9,36,138","7,47,760","1,88,378",Sep-23,2023
Government,Mexico,Carretera,Medium,1362,3,350,"4,76,700","38,136","4,38,564","3,54,120","84,444",Dec-23,2023
Government,Germany,Paseo,Medium,2146,10,350,"7,51,100","60,088","6,91,012","5,57,960","1,33,052",Nov-22,2022
Government,Mexico,Paseo,Medium,1362,10,350,"4,76,700","38,136","4,38,564","3,54,120","84,444",Dec-23,2023
Government,France,VTT,Medium,574.5,250,350,"2,01,075","16,086","1,84,989","1,49,370","35,619",Apr-23,2023
Government,France,VTT,Medium,381,250,350,"1,33,350","10,668","1,22,682","99,060","23,622",Aug-23,2023
Government,Germany,VTT,Medium,422,250,350,"1,47,700","11,816","1,35,884","1,09,720","26,164",Aug-23,2023
Government,France,Montana,Medium,1666,5,350,"5,83,100","52,479","5,30,621","4,33,160","97,461",May-23,2023
Government,Mexico,Paseo,Medium,2417,10,350,"8,45,950","76,136","7,69,815","6,28,420","1,41,395",Jan-23,2023
Government,Germany,Velo,Medium,1307,120,350,"4,57,450","41,171","4,16,280","3,39,820","76,460",Jul-23,2023
Government,Canada,Velo,Medium,1269,120,350,"4,44,150","39,974","4,04,177","3,29,940","74,237",Oct-23,2023
Government,United States of America,VTT,Medium,1351.5,250,350,"4,73,025","42,572","4,30,453","3,51,390","79,063",Apr-23,2023
Government,United States of America,Amarilla,Medium,2071,260,350,"7,24,850","65,237","6,59,614","5,38,460","1,21,154",Sep-23,2023
Government,Canada,Amarilla,Medium,1269,260,350,"4,44,150","39,974","4,04,177","3,29,940","74,237",Oct-23,2023
Government,United States of America,Montana,High,2313,5,350,"8,09,550","80,955","7,28,595","6,01,380","1,27,215",May-23,2023
Government,France,Velo,High,639,120,350,"2,23,650","22,365","2,01,285","1,66,140","35,145",Jul-23,2023
Government,United States of America,VTT,High,2807,250,350,"9,82,450","98,245","8,84,205","7,29,820","1,54,385",Aug-23,2023
Government,Germany,VTT,High,1870,250,350,"6,54,500","65,450","5,89,050","4,86,200","1,02,850",Dec-22,2022
Government,Canada,Amarilla,High,2240,260,350,"7,84,000","78,400","7,05,600","5,82,400","1,23,200",Feb-23,2023
Government,Canada,Amarilla,High,707,260,350,"2,47,450","24,745","2,22,705","1,83,820","38,885",Sep-23,2023
Government,Germany,Carretera,High,792,3,350,"2,77,200","30,492","2,46,708","2,05,920","40,788",Mar-23,2023
Government,Germany,Montana,High,766,5,350,"2,68,100","29,491","2,38,609","1,99,160","39,449",Jan-23,2023
Government,Canada,Paseo,High,2104.5,10,350,"7,36,575","81,023","6,55,552","5,47,170","1,08,382",Jul-23,2023
Government,Mexico,Velo,High,344,120,350,"1,20,400","13,244","1,07,156","89,440","17,716",Oct-22,2022
Government,Mexico,Amarilla,High,344,260,350,"1,20,400","13,244","1,07,156","89,440","17,716",Oct-22,2022
Government,Mexico,Carretera,High,886,3,350,"3,10,100","37,212","2,72,888","2,30,360","42,528",Jun-23,2023
Government,Mexico,Paseo,High,886,10,350,"3,10,100","37,212","2,72,888","2,30,360","42,528",Jun-23,2023
Government,France,Paseo,High,1594,10,350,"5,57,900","66,948","4,90,952","4,14,440","76,512",Nov-23,2023
Government,Mexico,Paseo,High,1197,10,350,"4,18,950","50,274","3,68,676","3,11,220","57,456",Nov-23,2023
Government,Mexico,Velo,High,1395,120,350,"4,88,250","58,590","4,29,660","3,62,700","66,960",Jul-23,2023
Government,United States of America,Velo,High,986,120,350,"3,45,100","41,412","3,03,688","2,56,360","47,328",Oct-23,2023
Government,Canada,VTT,High,623,250,350,"2,18,050","26,166","1,91,884","1,61,980","29,904",Sep-22,2022
Government,United States of America,VTT,High,986,250,350,"3,45,100","41,412","3,03,688","2,56,360","47,328",Oct-23,2023
Government,United States of America,Amarilla,High,270,260,350,"94,500","11,340","83,160","70,200","12,960",Feb-23,2023
Government,Canada,Carretera,High,923,3,350,"3,23,050","41,997","2,81,054","2,39,980","41,074",Mar-23,2023
Government,France,Carretera,High,1790,3,350,"6,26,500","81,445","5,45,055","4,65,400","79,655",Mar-23,2023
Government,United States of America,Montana,High,982.5,5,350,"3,43,875","44,704","2,99,171","2,55,450","43,721",Jan-23,2023
Government,Canada,Paseo,High,2632,10,350,"9,21,200","1,19,756","8,01,444","6,84,320","1,17,124",Jun-23,2023
Government,Germany,Paseo,High,357,10,350,"1,24,950","16,244","1,08,707","92,820","15,887",Nov-23,2023
Government,Canada,Velo,High,2632,120,350,"9,21,200","1,19,756","8,01,444","6,84,320","1,17,124",Jun-23,2023
Government,Canada,Montana,High,2227.5,5,350,"7,79,625","1,09,148","6,70,478","5,79,150","91,328",Jan-23,2023
Government,Germany,Montana,High,1199,5,350,"4,19,650","58,751","3,60,899","3,11,740","49,159",Apr-23,2023
Government,Canada,Montana,High,200,5,350,"70,000","9,800","60,200","52,000","8,200",May-23,2023
Government,Canada,Paseo,High,700,10,350,"2,45,000","34,300","2,10,700","1,82,000","28,700",Nov-23,2023
Government,United States of America,Paseo,High,1177,10,350,"4,11,950","57,673","3,54,277","3,06,020","48,257",Nov-23,2023
Government,France,Paseo,High,1922,10,350,"6,72,700","94,178","5,78,522","4,99,720","78,802",Nov-22,2022
Government,France,VTT,High,1281,250,350,"4,48,350","62,769","3,85,581","3,33,060","52,521",Dec-22,2022
Government,Mexico,Paseo,High,2851,10,350,"9,97,850","1,49,678","8,48,173","7,41,260","1,06,913",May-23,2023
Government,United States of America,Paseo,High,2007,10,350,"7,02,450","1,05,368","5,97,083","5,21,820","75,263",Nov-22,2022
Government,Mexico,Paseo,High,2151,10,350,"7,52,850","1,12,928","6,39,923","5,59,260","80,663",Nov-22,2022
Government,Canada,Carretera,None,1618.5,3,20,"32,370",0,"32,370","16,185","16,185",Jan-23,2023
Government,Germany,Carretera,None,1321,3,20,"26,420",0,"26,420","13,210","13,210",Jan-23,2023
Government,France,Montana,None,1899,5,20,"37,980",0,"37,980","18,990","18,990",Jun-23,2023
Government,Canada,Paseo,None,292,10,20,"5,840",0,"5,840","2,920","2,920",Feb-23,2023
Government,Canada,Paseo,None,1817,10,20,"36,340",0,"36,340","18,170","18,170",Dec-23,2023
Government,Canada,VTT,None,1817,250,20,"36,340",0,"36,340","18,170","18,170",Dec-23,2023
Government,France,Amarilla,None,1899,260,20,"37,980",0,"37,980","18,990","18,990",Jun-23,2023
Government,France,Montana,Low,1375.5,5,20,"27,510",275,"27,235","13,755","13,480",Jul-23,2023
Government,France,Velo,Low,3864,120,20,"77,280",773,"76,507","38,640","37,867",Apr-23,2023
Government,United States of America,Montana,Low,1566,5,20,"31,320",626,"30,694","15,660","15,034",Oct-23,2023
Government,United States of America,Velo,Low,1566,120,20,"31,320",626,"30,694","15,660","15,034",Oct-23,2023
Government,Mexico,Velo,Low,544,120,20,"10,880",218,"10,662","5,440","5,222",Dec-22,2022
Government,United States of America,Amarilla,Low,1236,260,20,"24,720",494,"24,226","12,360","11,866",Nov-23,2023
Government,France,Amarilla,Low,941,260,20,"18,820",376,"18,444","9,410","9,034",Nov-23,2023
Government,Germany,Carretera,Low,2580,3,20,"51,600","1,548","50,052","25,800","24,252",Apr-23,2023
Government,Canada,Carretera,Low,831,3,20,"16,620",499,"16,121","8,310","7,811",May-23,2023
Government,Canada,Velo,Low,3850.5,120,20,"77,010","2,310","74,700","38,505","36,195",Apr-23,2023
Government,United States of America,Velo,Low,736,120,20,"14,720",589,"14,131","7,360","6,771",Sep-22,2022
Government,Canada,Paseo,Low,2074,10,20,"41,480","1,659","39,821","20,740","19,081",Sep-23,2023
Government,United States of America,Paseo,Low,1056,10,20,"21,120",845,"20,275","10,560","9,715",Sep-23,2023
Government,Canada,Velo,Low,2646,120,20,"52,920","2,117","50,803","26,460","24,343",Sep-22,2022
Government,France,Carretera,Medium,1563,3,20,"31,260","1,563","29,697","15,630","14,067",May-23,2023
Government,France,Paseo,Medium,1303,10,20,"26,060","1,303","24,757","13,030","11,727",Feb-23,2023
Government,Canada,Paseo,Medium,1389,10,20,"27,780","1,389","26,391","13,890","12,501",Oct-22,2022
Government,Canada,Paseo,Medium,1802,10,20,"36,040","1,802","34,238","18,020","16,218",Dec-22,2022
Government,United States of America,Paseo,Medium,2663,10,20,"53,260","2,663","50,597","26,630","23,967",Dec-23,2023
Government,United States of America,Velo,Medium,2832,120,20,"56,640","2,832","53,808","28,320","25,488",Aug-23,2023
Government,France,Velo,Medium,1579,120,20,"31,580","1,579","30,001","15,790","14,211",Aug-23,2023
Government,France,Velo,Medium,1033,120,20,"20,660","1,033","19,627","10,330","9,297",Dec-22,2022
Government,Canada,VTT,Medium,1389,250,20,"27,780","1,389","26,391","13,890","12,501",Oct-22,2022
Government,United States of America,VTT,Medium,1265,250,20,"25,300","1,265","24,035","12,650","11,385",Nov-22,2022
Government,Germany,VTT,Medium,2297,250,20,"45,940","2,297","43,643","22,970","20,673",Nov-22,2022
Government,United States of America,VTT,Medium,2663,250,20,"53,260","2,663","50,597","26,630","23,967",Dec-23,2023
Government,United States of America,Carretera,Medium,1117.5,3,20,"22,350","1,341","21,009","11,175","9,834",Jan-23,2023
Government,Mexico,VTT,Medium,1123,250,20,"22,460","1,348","21,112","11,230","9,882",Nov-22,2022
Government,France,Montana,Medium,1757,5,20,"35,140","2,108","33,032","17,570","15,462",Oct-22,2022
Government,France,Paseo,Medium,1757,10,20,"35,140","2,108","33,032","17,570","15,462",Oct-22,2022
Government,Germany,Velo,Medium,1001,120,20,"20,020","1,201","18,819","10,010","8,809",Aug-23,2023
Government,Mexico,Carretera,Medium,1834,3,20,"36,680","2,568","34,112","18,340","15,772",Sep-22,2022
Government,France,Montana,Medium,1976,5,20,"39,520","2,766","36,754","19,760","16,994",Oct-23,2023
Government,France,Paseo,Medium,1535,10,20,"30,700","2,149","28,551","15,350","13,201",Sep-23,2023
Government,Mexico,Velo,Medium,609,120,20,"12,180",853,"11,327","6,090","5,237",Aug-23,2023
Government,France,Velo,Medium,1976,120,20,"39,520","2,766","36,754","19,760","16,994",Oct-23,2023
Government,United States of America,Velo,Medium,1421,120,20,"28,420","1,989","26,431","14,210","12,221",Dec-22,2022
Government,Germany,Velo,Medium,588,120,20,"11,760",823,"10,937","5,880","5,057",Dec-22,2022
Government,Canada,Amarilla,Medium,1118,260,20,"22,360","1,565","20,795","11,180","9,615",Nov-23,2023
Government,United States of America,Montana,Medium,1282,5,20,"25,640","2,051","23,589","12,820","10,769",Jun-23,2023
Government,United States of America,Amarilla,Medium,1282,260,20,"25,640","2,051","23,589","12,820","10,769",Jun-23,2023
Government,Canada,Montana,Medium,708,5,20,"14,160","1,133","13,027","7,080","5,947",Jun-23,2023
Government,Germany,Montana,Medium,645,5,20,"12,900","1,032","11,868","6,450","5,418",Jul-23,2023
Government,Germany,Paseo,Medium,1366,10,20,"27,320","2,186","25,134","13,660","11,474",Jun-23,2023
Government,Germany,Paseo,Medium,1934,10,20,"38,680","3,094","35,586","19,340","16,246",Sep-23,2023
Government,Mexico,Paseo,Medium,2993,10,20,"59,860","4,789","55,071","29,930","25,141",Sep-23,2023
Government,Canada,Amarilla,Medium,708,260,20,"14,160","1,133","13,027","7,080","5,947",Jun-23,2023
Government,Germany,Amarilla,Medium,1366,260,20,"27,320","2,186","25,134","13,660","11,474",Jun-23,2023
Government,Germany,Amarilla,Medium,1520,260,20,"30,400","2,432","27,968","15,200","12,768",Nov-23,2023
Government,United States of America,VTT,Medium,436.5,250,20,"8,730",698,"8,032","4,365","3,667",Jul-23,2023
Government,Mexico,Amarilla,Medium,1694,260,20,"33,880","3,049","30,831","16,940","13,891",Nov-23,2023
Government,Germany,Carretera,Medium,663,3,20,"13,260","1,193","12,067","6,630","5,437",May-23,2023
Government,United States of America,Paseo,Medium,973,10,20,"19,460","1,751","17,709","9,730","7,979",Mar-23,2023
Government,Mexico,Paseo,Medium,1038,10,20,"20,760","1,868","18,892","10,380","8,512",Jun-23,2023
Government,France,VTT,Medium,2682,250,20,"53,640","4,828","48,812","26,820","21,992",Nov-22,2022
Government,Mexico,Amarilla,Medium,1038,260,20,"20,760","1,868","18,892","10,380","8,512",Jun-23,2023
Government,France,Paseo,High,1954,10,20,"39,080","3,908","35,172","19,540","15,632",Mar-23,2023
Government,Germany,Paseo,High,241,10,20,"4,820",482,"4,338","2,410","1,928",Oct-23,2023
Government,Germany,Velo,High,241,120,20,"4,820",482,"4,338","2,410","1,928",Oct-23,2023
Government,Mexico,Amarilla,High,2039,260,20,"40,780","4,078","36,702","20,390","16,312",May-23,2023
Government,Germany,Montana,High,2992,5,20,"59,840","6,582","53,258","29,920","23,338",Oct-22,2022
Government,Mexico,Paseo,High,1122,10,20,"22,440","2,468","19,972","11,220","8,752",Mar-23,2023
Government,Canada,Paseo,High,2394,10,20,"47,880","5,267","42,613","23,940","18,673",Aug-23,2023
Government,Germany,Paseo,High,2992,10,20,"59,840","6,582","53,258","29,920","23,338",Oct-22,2022
Government,France,Velo,High,2805,120,20,"56,100","6,171","49,929","28,050","21,879",Sep-22,2022
Government,Canada,VTT,High,2935,250,20,"58,700","6,457","52,243","29,350","22,893",Nov-22,2022
Government,Mexico,Amarilla,High,2629,260,20,"52,580","5,784","46,796","26,290","20,506",Jan-23,2023
Government,Mexico,Montana,High,1715,5,20,"34,300","4,116","30,184","17,150","13,034",Oct-22,2022
Government,Mexico,Paseo,High,905,10,20,"18,100","2,172","15,928","9,050","6,878",Oct-23,2023
Government,Mexico,Paseo,High,1715,10,20,"34,300","4,116","30,184","17,150","13,034",Oct-22,2022
Government,Mexico,Paseo,High,1233,10,20,"24,660","2,959","21,701","12,330","9,371",Dec-23,2023
Government,Mexico,Velo,High,905,120,20,"18,100","2,172","15,928","9,050","6,878",Oct-23,2023
Government,Mexico,VTT,High,1233,250,20,"24,660","2,959","21,701","12,330","9,371",Dec-23,2023
Government,France,Carretera,High,2521.5,3,20,"50,430","6,052","44,378","25,215","19,163",Jan-23,2023
Government,Germany,Paseo,High,1531,10,20,"30,620","3,674","26,946","15,310","11,636",Dec-23,2023
Government,Germany,VTT,High,1531,250,20,"30,620","3,674","26,946","15,310","11,636",Dec-23,2023
Government,Germany,Carretera,High,442,3,20,"8,840","1,149","7,691","4,420","3,271",Sep-22,2022
Government,Mexico,Montana,High,2255,5,20,"45,100","5,863","39,237","22,550","16,687",Jul-23,2023
Government,Canada,Montana,High,1249,5,20,"24,980","3,247","21,733","12,490","9,243",Oct-23,2023
Government,United States of America,Paseo,High,2641,10,20,"52,820","6,867","45,953","26,410","19,543",Feb-23,2023
Government,Germany,Paseo,High,2708,10,20,"54,160","7,041","47,119","27,080","20,039",Feb-23,2023
Government,Canada,Paseo,High,1249,10,20,"24,980","3,247","21,733","12,490","9,243",Oct-23,2023
Government,Mexico,Carretera,High,2579,3,20,"51,580","7,221","44,359","25,790","18,569",Apr-23,2023
Government,United States of America,Carretera,High,1743,3,20,"34,860","4,880","29,980","17,430","12,550",May-23,2023
Government,Canada,Paseo,High,2428,10,20,"48,560","6,798","41,762","24,280","17,482",Mar-23,2023
Government,Mexico,Paseo,High,260,10,20,"5,200",728,"4,472","2,600","1,872",Feb-23,2023
Government,United States of America,Velo,High,606,120,20,"12,120","1,697","10,423","6,060","4,363",Apr-23,2023
Government,Germany,Paseo,High,1158,10,20,"23,160","3,474","19,686","11,580","8,106",Mar-23,2023
Government,United States of America,Paseo,High,267,10,20,"5,340",801,"4,539","2,670","1,869",Oct-22,2022
Government,France,Paseo,High,293,10,20,"5,860",879,"4,981","2,930","2,051",Dec-23,2023
Government,Canada,VTT,High,865.5,250,20,"17,310","2,597","14,714","8,655","6,059",Jul-23,2023
Government,United States of America,VTT,High,267,250,20,"5,340",801,"4,539","2,670","1,869",Oct-22,2022
Government,France,VTT,High,293,250,20,"5,860",879,"4,981","2,930","2,051",Dec-23,2023
Government,Germany,Montana,None,2146,5,7,"15,022",0,"15,022","10,730","4,292",Sep-23,2023
Government,Mexico,Paseo,None,883,10,7,"6,181",0,"6,181","4,415","1,766",Aug-23,2023
Government,United States of America,Paseo,None,1143,10,7,"8,001",0,"8,001","5,715","2,286",Oct-23,2023
Government,Mexico,Velo,None,1493,120,7,"10,451",0,"10,451","7,465","2,986",Jan-23,2023
Government,Germany,Amarilla,None,1686,260,7,"11,802",0,"11,802","8,430","3,372",Jul-23,2023
Government,United States of America,Amarilla,None,1143,260,7,"8,001",0,"8,001","5,715","2,286",Oct-23,2023
Government,France,Paseo,Low,3945,10,7,"27,615",276,"27,339","19,725","7,614",Jan-23,2023
Government,France,Paseo,Low,1030,10,7,"7,210",72,"7,138","5,150","1,988",May-23,2023
Government,France,Velo,Low,639,120,7,"4,473",45,"4,428","3,195","1,233",Nov-23,2023
Government,Canada,VTT,Low,1326,250,7,"9,282",93,"9,189","6,630","2,559",Mar-23,2023
Government,United States of America,Carretera,Low,2529,3,7,"17,703",177,"17,526","12,645","4,881",Jul-23,2023
Government,Canada,Montana,Low,1830,5,7,"12,810",128,"12,682","9,150","3,532",Aug-23,2023
Government,United States of America,Paseo,Low,4492.5,10,7,"31,448",314,"31,133","22,463","8,671",Apr-23,2023
Government,Mexico,Velo,Low,362,120,7,"2,534",25,"2,509","1,810",699,May-23,2023
Government,Canada,Velo,Low,2092,120,7,"14,644",146,"14,498","10,460","4,038",Nov-22,2022
Government,Germany,VTT,Low,263,250,7,"1,841",18,"1,823","1,315",508,Mar-23,2023
Government,France,Carretera,Low,2145,3,7,"15,015",300,"14,715","10,725","3,990",Nov-22,2022
Government,United States of America,Paseo,Low,2013,10,7,"14,091",282,"13,809","10,065","3,744",Dec-22,2022
Government,Germany,Montana,Low,1958,5,7,"13,706",411,"13,295","9,790","3,505",Feb-23,2023
Government,France,Montana,Low,544,5,7,"3,808",114,"3,694","2,720",974,Sep-23,2023
Government,Mexico,Paseo,Low,1760,10,7,"12,320",370,"11,950","8,800","3,150",Sep-22,2022
Government,Canada,Carretera,Low,2851,3,7,"19,957",798,"19,159","14,255","4,904",Oct-22,2022
Government,Canada,Montana,Low,2851,5,7,"19,957",798,"19,159","14,255","4,904",Oct-22,2022
Government,Canada,Paseo,Low,4251,10,7,"29,757","1,190","28,567","21,255","7,312",Jan-23,2023
Government,Germany,Montana,Medium,1159,5,7,"8,113",406,"7,707","5,795","1,912",Oct-22,2022
Government,Germany,Paseo,Medium,1372,10,7,"9,604",480,"9,124","6,860","2,264",Jan-23,2023
Government,Canada,Paseo,Medium,2349,10,7,"16,443",822,"15,621","11,745","3,876",Sep-22,2022
Government,Mexico,Paseo,Medium,2689,10,7,"18,823",941,"17,882","13,445","4,437",Oct-23,2023
Government,Mexico,VTT,Medium,2689,250,7,"18,823",941,"17,882","13,445","4,437",Oct-23,2023
Government,Mexico,Amarilla,Medium,1683,260,7,"11,781",589,"11,192","8,415","2,777",Jul-23,2023
Government,Germany,Amarilla,Medium,1159,260,7,"8,113",406,"7,707","5,795","1,912",Oct-22,2022
Government,Germany,Carretera,Medium,1016,3,7,"7,112",356,"6,756","5,080","1,676",Nov-22,2022
Government,United States of America,Carretera,Medium,570,3,7,"3,990",200,"3,791","2,850",941,Dec-23,2023
Government,France,Carretera,Medium,2487,3,7,"17,409",870,"16,539","12,435","4,104",Dec-23,2023
Government,United States of America,Paseo,Medium,2327,10,7,"16,289",814,"15,475","11,635","3,840",May-23,2023
Government,France,Paseo,Medium,2136,10,7,"14,952",748,"14,204","10,680","3,524",Dec-22,2022
Government,United States of America,VTT,Medium,570,250,7,"3,990",200,"3,791","2,850",941,Dec-23,2023
Government,France,VTT,Medium,2487,250,7,"17,409",870,"16,539","12,435","4,104",Dec-23,2023
Government,United States of America,Carretera,Medium,263,3,7,"1,841",110,"1,731","1,315",416,Nov-22,2022
Government,France,Montana,Medium,1403,5,7,"9,821",589,"9,232","7,015","2,217",Oct-22,2022
Government,Mexico,Velo,Medium,1498,120,7,"10,486",629,"9,857","7,490","2,367",Jun-23,2023
Government,Mexico,VTT,Medium,1498,250,7,"10,486",629,"9,857","7,490","2,367",Jun-23,2023
Government,France,Amarilla,Medium,1403,260,7,"9,821",589,"9,232","7,015","2,217",Oct-22,2022
Government,Mexico,Velo,Medium,1333,120,7,"9,331",560,"8,771","6,665","2,106",Nov-23,2023
Government,France,Paseo,Medium,1031,10,7,"7,217",505,"6,712","5,155","1,557",Sep-22,2022
Government,Canada,Velo,Medium,1135,120,7,"7,945",556,"7,389","5,675","1,714",Jun-23,2023
Government,United States of America,Velo,Medium,547,120,7,"3,829",268,"3,561","2,735",826,Nov-23,2023
Government,Canada,Velo,Medium,1582,120,7,"11,074",775,"10,299","7,910","2,389",Dec-23,2023
Government,Canada,VTT,Medium,1582,250,7,"11,074",775,"10,299","7,910","2,389",Dec-23,2023
Government,Canada,Amarilla,Medium,1135,260,7,"7,945",556,"7,389","5,675","1,714",Jun-23,2023
Government,Germany,Paseo,Medium,2125,10,7,"14,875","1,041","13,834","10,625","3,209",Dec-22,2022
Government,Canada,Montana,Medium,488,5,7,"3,416",273,"3,143","2,440",703,Feb-23,2023
Government,Canada,Paseo,Medium,257,10,7,"1,799",144,"1,655","1,285",370,May-23,2023
Government,Germany,Paseo,Medium,1259,10,7,"8,813",705,"8,108","6,295","1,813",Apr-23,2023
Government,Germany,Paseo,Medium,1095,10,7,"7,665",613,"7,052","5,475","1,577",May-23,2023
Government,United States of America,Paseo,Medium,678,10,7,"4,746",380,"4,366","3,390",976,Aug-23,2023
Government,Germany,Paseo,Medium,1598,10,7,"11,186",895,"10,291","7,990","2,301",Aug-23,2023
Government,Germany,Paseo,Medium,2409,10,7,"16,863","1,349","15,514","12,045","3,469",Sep-22,2022
Government,Mexico,Paseo,Medium,1946,10,7,"13,622","1,090","12,532","9,730","2,802",Dec-22,2022
Government,United States of America,Velo,Medium,2907,120,7,"20,349","1,628","18,721","14,535","4,186",Jun-23,2023
Government,Germany,Velo,Medium,2338,120,7,"16,366","1,309","15,057","11,690","3,367",Jun-23,2023
Government,Germany,VTT,Medium,2338,250,7,"16,366","1,309","15,057","11,690","3,367",Jun-23,2023
Government,United States of America,Amarilla,Medium,2907,260,7,"20,349","1,628","18,721","14,535","4,186",Jun-23,2023
Government,Canada,Montana,Medium,1611,5,7,"11,277","1,015","10,262","8,055","2,207",Dec-22,2022
Government,Canada,Carretera,Medium,819,3,7,"5,733",516,"5,217","4,095","1,122",Jul-23,2023
Government,Mexico,Carretera,Medium,521,3,7,"3,647",328,"3,319","2,605",714,Dec-23,2023
Government,Germany,Paseo,Medium,360,10,7,"2,520",227,"2,293","1,800",493,Oct-23,2023
Government,Germany,VTT,Medium,360,250,7,"2,520",227,"2,293","1,800",493,Oct-23,2023
Government,Mexico,VTT,Medium,521,250,7,"3,647",328,"3,319","2,605",714,Dec-23,2023
Government,United States of America,Montana,High,2328,5,7,"16,296","1,630","14,666","11,640","3,026",Sep-23,2023
Government,Germany,Velo,High,2665,120,7,"18,655","1,866","16,790","13,325","3,465",Nov-23,2023
Government,France,Paseo,High,2532,10,7,"17,724","1,950","15,774","12,660","3,114",Apr-23,2023
Government,United States of America,VTT,High,1579,250,7,"11,053","1,216","9,837","7,895","1,942",Mar-23,2023
Government,Mexico,Carretera,High,2706,3,7,"18,942","2,084","16,858","13,530","3,328",Nov-22,2022
Government,Canada,Velo,High,1808,120,7,"12,656","1,392","11,264","9,040","2,224",Nov-23,2023
Government,United States of America,Paseo,High,380,10,7,"2,660",293,"2,367","1,900",467,Sep-22,2022
Government,Mexico,Montana,High,2420,5,7,"16,940","2,033","14,907","12,100","2,807",Sep-23,2023
Government,Canada,Montana,High,2734,5,7,"19,138","2,297","16,841","13,670","3,171",Oct-23,2023
Government,France,Amarilla,High,3421.5,260,7,"23,951","2,874","21,076","17,108","3,969",Jul-23,2023
Government,Canada,Amarilla,High,2734,260,7,"19,138","2,297","16,841","13,670","3,171",Oct-23,2023
Government,France,VTT,High,1491,250,7,"10,437","1,252","9,185","7,455","1,730",Mar-23,2023
Government,United States of America,Montana,High,1298,5,7,"9,086","1,181","7,905","6,490","1,415",Feb-23,2023
Government,United States of America,Paseo,High,1438.5,10,7,"10,070","1,309","8,760","7,193","1,568",Jan-23,2023
Government,France,Paseo,High,2696,10,7,"18,872","2,453","16,419","13,480","2,939",Aug-23,2023
Government,France,Velo,High,1190,120,7,"8,330","1,083","7,247","5,950","1,297",Jun-23,2023
Government,France,Amarilla,High,1190,260,7,"8,330","1,083","7,247","5,950","1,297",Jun-23,2023
Government,United States of America,Carretera,High,2996,3,7,"20,972","2,936","18,036","14,980","3,056",Oct-22,2022
Government,Germany,Carretera,High,280,3,7,"1,960",274,"1,686","1,400",286,Dec-23,2023
Government,France,Montana,High,293,5,7,"2,051",287,"1,764","1,465",299,Feb-23,2023
Government,United States of America,Montana,High,2996,5,7,"20,972","2,936","18,036","14,980","3,056",Oct-22,2022
Government,Germany,VTT,High,280,250,7,"1,960",274,"1,686","1,400",286,Dec-23,2023
Government,Canada,Montana,High,388,5,7,"2,716",380,"2,336","1,940",396,Sep-23,2023
Government,Mexico,Montana,High,1727,5,7,"12,089","1,692","10,397","8,635","1,762",Oct-22,2022
Government,France,Paseo,High,1731,10,7,"12,117","1,696","10,421","8,655","1,766",Oct-23,2023
Government,Mexico,VTT,High,2903,250,7,"20,321","2,845","17,476","14,515","2,961",Mar-23,2023
Government,France,Amarilla,High,1731,260,7,"12,117","1,696","10,421","8,655","1,766",Oct-23,2023
Government,Mexico,Amarilla,High,1727,260,7,"12,089","1,692","10,397","8,635","1,762",Oct-22,2022
Government,Mexico,Paseo,High,2535,10,7,"17,745","2,662","15,083","12,675","2,408",Apr-23,2023
Government,Mexico,Montana,High,1368,5,7,"9,576","1,436","8,140","6,840","1,300",Feb-23,2023
Government,Canada,Paseo,High,723,10,7,"5,061",759,"4,302","3,615",687,Apr-23,2023
Midmarket,France,Carretera,None,2178,3,15,"32,670",0,"32,670","21,780","10,890",Jun-23,2023
Midmarket,Germany,Carretera,None,888,3,15,"13,320",0,"13,320","8,880","4,440",Jun-23,2023
Midmarket,Mexico,Carretera,None,2470,3,15,"37,050",0,"37,050","24,700","12,350",Jun-23,2023
Midmarket,Germany,Montana,None,921,5,15,"13,815",0,"13,815","9,210","4,605",Mar-23,2023
Channel Partners,Canada,Montana,None,2518,5,12,"30,216",0,"30,216","7,554","22,662",Jun-23,2023
Channel Partners,Germany,Montana,None,1545,5,12,"18,540",0,"18,540","4,635","13,905",Jun-23,2023
Midmarket,Mexico,Montana,None,2470,5,15,"37,050",0,"37,050","24,700","12,350",Jun-23,2023
Enterprise,Canada,Montana,None,2665.5,5,125,"3,33,188",0,"3,33,188","3,19,860","13,328",Jul-23,2023
Small Business,Mexico,Montana,None,958,5,300,"2,87,400",0,"2,87,400","2,39,500","47,900",Aug-23,2023
Enterprise,Canada,Montana,None,345,5,125,"43,125",0,"43,125","41,400","1,725",Oct-22,2022
Midmarket,United States of America,Montana,None,615,5,15,"9,225",0,"9,225","6,150","3,075",Dec-23,2023
Enterprise,France,Velo,None,1804,120,125,"2,25,500",0,"2,25,500","2,16,480","9,020",Feb-23,2023
Channel Partners,Germany,Velo,None,2161,120,12,"25,932",0,"25,932","6,483","19,449",Mar-23,2023
Channel Partners,Germany,Velo,None,1545,120,12,"18,540",0,"18,540","4,635","13,905",Jun-23,2023
Enterprise,United States of America,Velo,None,2821,120,125,"3,52,625",0,"3,52,625","3,38,520","14,105",Aug-23,2023
Enterprise,Canada,Velo,None,345,120,125,"43,125",0,"43,125","41,400","1,725",Oct-22,2022
Small Business,Canada,VTT,None,2001,250,300,"6,00,300",0,"6,00,300","5,00,250","1,00,050",Feb-23,2023
Channel Partners,Germany,VTT,None,2838,250,12,"34,056",0,"34,056","8,514","25,542",Apr-23,2023
Midmarket,France,VTT,None,2178,250,15,"32,670",0,"32,670","21,780","10,890",Jun-23,2023
Midmarket,Germany,VTT,None,888,250,15,"13,320",0,"13,320","8,880","4,440",Jun-23,2023
Small Business,France,VTT,None,2151,250,300,"6,45,300",0,"6,45,300","5,37,750","1,07,550",Sep-23,2023
Channel Partners,United States of America,Amarilla,None,1953,260,12,"23,436",0,"23,436","5,859","17,577",Apr-23,2023
Enterprise,Germany,Amarilla,None,4219.5,260,125,"5,27,438",0,"5,27,438","5,06,340","21,098",Apr-23,2023
Channel Partners,United States of America,Amarilla,None,2141,260,12,"25,692",0,"25,692","6,423","19,269",Aug-23,2023
Midmarket,United States of America,Amarilla,None,615,260,15,"9,225",0,"9,225","6,150","3,075",Dec-23,2023
Channel Partners,United States of America,Carretera,Low,1858,3,12,"22,296",223,"22,073","5,574","16,499",Feb-23,2023
Channel Partners,Canada,Carretera,Low,1445,3,12,"17,340",173,"17,167","4,335","12,832",Sep-23,2023
Enterprise,United States of America,Carretera,Low,330,3,125,"41,250",413,"40,838","39,600","1,238",Sep-22,2022
Channel Partners,France,Carretera,Low,2671,3,12,"32,052",321,"31,731","8,013","23,718",Sep-23,2023
Channel Partners,Germany,Carretera,Low,766,3,12,"9,192",92,"9,100","2,298","6,802",Oct-22,2022
Small Business,Mexico,Carretera,Low,494,3,300,"1,48,200","1,482","1,46,718","1,23,500","23,218",Oct-22,2022
Midmarket,Mexico,Montana,Low,2214,5,15,"33,210",332,"32,878","22,140","10,738",Mar-23,2023
Small Business,United States of America,Montana,Low,2301,5,300,"6,90,300","6,903","6,83,397","5,75,250","1,08,147",Apr-23,2023
Small Business,United States of America,Montana,Low,2498,5,300,"7,49,400","7,494","7,41,906","6,24,500","1,17,406",Sep-22,2022
Enterprise,United States of America,Montana,Low,663,5,125,"82,875",829,"82,046","79,560","2,486",Oct-22,2022
Enterprise,Canada,Velo,Low,923,120,125,"1,15,375","1,154","1,14,221","1,10,760","3,461",Aug-23,2023
Enterprise,United States of America,Velo,Low,663,120,125,"82,875",829,"82,046","79,560","2,486",Oct-22,2022
Enterprise,United States of America,VTT,Low,727,250,125,"90,875",909,"89,966","87,240","2,726",Jun-23,2023
Enterprise,France,VTT,Low,787,250,125,"98,375",984,"97,391","94,440","2,951",Jun-23,2023
Small Business,Germany,VTT,Low,986,250,300,"2,95,800","2,958","2,92,842","2,46,500","46,342",Sep-23,2023
Small Business,Mexico,VTT,Low,494,250,300,"1,48,200","1,482","1,46,718","1,23,500","23,218",Oct-22,2022
Enterprise,France,VTT,Low,1744,250,125,"2,18,000","2,180","2,15,820","2,09,280","6,540",Nov-23,2023
Channel Partners,United States of America,Amarilla,Low,1989,260,12,"23,868",239,"23,629","5,967","17,662",Sep-22,2022
Midmarket,France,Amarilla,Low,321,260,15,"4,815",48,"4,767","3,210","1,557",Nov-22,2022
Enterprise,Canada,Carretera,Low,742.5,3,125,"92,813","1,856","90,956","89,100","1,856",Apr-23,2023
Channel Partners,Canada,Carretera,Low,1295,3,12,"15,540",311,"15,229","3,885","11,344",Oct-23,2023
Small Business,Germany,Carretera,Low,214,3,300,"64,200","1,284","62,916","53,500","9,416",Oct-22,2022
Channel Partners,United States of America,Montana,Low,1142,5,12,"13,704",274,"13,430","3,426","10,004",Jun-23,2023
Channel Partners,Mexico,Montana,Low,690,5,12,"8,280",166,"8,114","2,070","6,044",Nov-23,2023
Enterprise,Mexico,Montana,Low,1660,5,125,"2,07,500","4,150","2,03,350","1,99,200","4,150",Nov-22,2022
Enterprise,Germany,Velo,Low,809,120,125,"1,01,125","2,023","99,103","97,080","2,023",Oct-22,2022
Enterprise,Mexico,Velo,Low,2145,120,125,"2,68,125","5,363","2,62,763","2,57,400","5,363",Oct-22,2022
Channel Partners,France,Velo,Low,1055,120,12,"12,660",253,"12,407","3,165","9,242",Dec-23,2023
Channel Partners,Mexico,Velo,Low,1084,120,12,"13,008",260,"12,748","3,252","9,496",Dec-23,2023
Enterprise,Mexico,VTT,Low,662,250,125,"82,750","1,655","81,095","79,440","1,655",Jun-23,2023
Small Business,Germany,VTT,Low,214,250,300,"64,200","1,284","62,916","53,500","9,416",Oct-22,2022
Enterprise,Canada,VTT,Low,2729,250,125,"3,41,125","6,823","3,34,303","3,27,480","6,823",Dec-23,2023
Small Business,Germany,Amarilla,Low,259,260,300,"77,700","1,554","76,146","64,750","11,396",Mar-23,2023
Small Business,Mexico,Amarilla,Low,1101,260,300,"3,30,300","6,606","3,23,694","2,75,250","48,444",Mar-23,2023
Enterprise,Germany,Amarilla,Low,2276,260,125,"2,84,500","5,690","2,78,810","2,73,120","5,690",May-23,2023
Small Business,Canada,Amarilla,Low,1916,260,300,"5,74,800","11,496","5,63,304","4,79,000","84,304",Dec-23,2023
Enterprise,France,Carretera,Low,4243.5,3,125,"5,30,438","15,913","5,14,524","5,09,220","5,304",Apr-23,2023
Small Business,Germany,Carretera,Low,689,3,300,"2,06,700","6,201","2,00,499","1,72,250","28,249",Jun-23,2023
Channel Partners,United States of America,Carretera,Low,1947,3,12,"23,364",701,"22,663","5,841","16,822",Sep-23,2023
Channel Partners,Canada,Carretera,Low,908,3,12,"10,896",327,"10,569","2,724","7,845",Dec-22,2022
Channel Partners,France,Montana,Low,1901,5,12,"22,812",684,"22,128","5,703","16,425",Jun-23,2023
Enterprise,France,Montana,Low,1287,5,125,"1,60,875","4,826","1,56,049","1,54,440","1,609",Dec-23,2023
Enterprise,Germany,Montana,Low,1706,5,125,"2,13,250","6,398","2,06,853","2,04,720","2,133",Dec-23,2023
Enterprise,Canada,Velo,Low,2009,120,125,"2,51,125","7,534","2,43,591","2,41,080","2,511",Oct-23,2023
Small Business,United States of America,VTT,Low,2844,250,300,"8,53,200","25,596","8,27,604","7,11,000","1,16,604",Feb-23,2023
Channel Partners,Mexico,VTT,Low,1916,250,12,"22,992",690,"22,302","5,748","16,554",Apr-23,2023
Enterprise,Germany,VTT,Low,1570,250,125,"1,96,250","5,888","1,90,363","1,88,400","1,963",Jun-23,2023
Small Business,Canada,VTT,Low,1874,250,300,"5,62,200","16,866","5,45,334","4,68,500","76,834",Aug-23,2023
Midmarket,Germany,VTT,Low,1945,250,15,"29,175",875,"28,300","19,450","8,850",Oct-22,2022
Channel Partners,Germany,VTT,Low,2479,250,12,"29,748",892,"28,856","7,437","21,419",Jan-23,2023
Midmarket,Mexico,Montana,Low,2031,5,15,"30,465","1,219","29,246","20,310","8,936",Oct-23,2023
Small Business,Germany,Carretera,Low,2021,3,300,"6,06,300","24,252","5,82,048","5,05,250","76,798",Oct-23,2023
Midmarket,Canada,Montana,Low,1967,5,15,"29,505","1,180","28,325","19,670","8,655",Mar-23,2023
Small Business,Germany,Montana,Low,1859,5,300,"5,57,700","22,308","5,35,392","4,64,750","70,642",Aug-23,2023
Small Business,Germany,Montana,Low,2021,5,300,"6,06,300","24,252","5,82,048","5,05,250","76,798",Oct-23,2023
Enterprise,Mexico,Montana,Low,1138,5,125,"1,42,250","5,690","1,36,560","1,36,560",0,Dec-23,2023
Channel Partners,United States of America,Velo,Low,1465,120,12,"17,580",703,"16,877","4,395","12,482",Mar-23,2023
Channel Partners,France,VTT,Low,866,250,12,"10,392",416,"9,976","2,598","7,378",May-23,2023
Midmarket,Mexico,VTT,Low,1514,250,15,"22,710",908,"21,802","15,140","6,662",Oct-22,2022
Enterprise,Mexico,Amarilla,Low,1074,260,125,"1,34,250","5,370","1,28,880","1,28,880",0,Apr-23,2023
Midmarket,United States of America,Amarilla,Low,671,260,15,"10,065",403,"9,662","6,710","2,952",Oct-22,2022
Channel Partners,Canada,Velo,Medium,2431,120,12,"29,172","1,459","27,713","7,293","20,420",Dec-23,2023
Channel Partners,Mexico,Amarilla,Medium,1123,260,12,"13,476",674,"12,802","3,369","9,433",Aug-23,2023
Channel Partners,France,Carretera,Medium,1865,3,12,"22,380","1,119","21,261","5,595","15,666",Feb-23,2023
Channel Partners,Germany,Carretera,Medium,1116,3,12,"13,392",670,"12,722","3,348","9,374",Feb-23,2023
Small Business,United States of America,Carretera,Medium,991,3,300,"2,97,300","14,865","2,82,435","2,47,750","34,685",Jun-23,2023
Midmarket,Mexico,Carretera,Medium,2791,3,15,"41,865","2,093","39,772","27,910","11,862",Nov-23,2023
Enterprise,United States of America,Montana,Medium,3627,5,125,"4,53,375","22,669","4,30,706","4,35,240","-4,534",Jul-23,2023
Channel Partners,Germany,Montana,Medium,2342,5,12,"28,104","1,405","26,699","7,026","19,673",Nov-23,2023
Small Business,Mexico,Montana,Medium,1100,5,300,"3,30,000","16,500","3,13,500","2,75,000","38,500",Dec-22,2022
Midmarket,United States of America,Velo,Medium,555,120,15,"8,325",416,"7,909","5,550","2,359",Jan-23,2023
Midmarket,Mexico,Velo,Medium,2861,120,15,"42,915","2,146","40,769","28,610","12,159",Jan-23,2023
Enterprise,Germany,Velo,Medium,807,120,125,"1,00,875","5,044","95,831","96,840","-1,009",Feb-23,2023
Enterprise,United States of America,Velo,Medium,861,120,125,"1,07,625","5,381","1,02,244","1,03,320","-1,076",Oct-23,2023
Enterprise,France,Velo,Medium,704,120,125,"88,000","4,400","83,600","84,480",-880,Oct-22,2022
Small Business,Germany,Velo,Medium,1250,120,300,"3,75,000","18,750","3,56,250","3,12,500","43,750",Dec-23,2023
Small Business,Germany,Amarilla,Medium,1250,260,300,"3,75,000","18,750","3,56,250","3,12,500","43,750",Dec-23,2023
Midmarket,Canada,Carretera,Medium,2844,3,15,"42,660","2,560","40,100","28,440","11,660",Jun-23,2023
Channel Partners,Mexico,Carretera,Medium,562,3,12,"6,744",405,"6,339","1,686","4,653",Sep-23,2023
Channel Partners,Canada,Carretera,Medium,2299,3,12,"27,588","1,655","25,933","6,897","19,036",Oct-22,2022
Midmarket,United States of America,Carretera,Medium,2030,3,15,"30,450","1,827","28,623","20,300","8,323",Nov-23,2023
Enterprise,Germany,Carretera,Medium,887,3,125,"1,10,875","6,653","1,04,223","1,06,440","-2,218",Dec-22,2022
Channel Partners,United States of America,Montana,Medium,2723,5,12,"32,676","1,961","30,715","8,169","22,546",Nov-23,2023
Enterprise,Canada,Velo,Medium,952,120,125,"1,19,000","7,140","1,11,860","1,14,240","-2,380",Feb-23,2023
Enterprise,United States of America,Velo,Medium,2755,120,125,"3,44,375","20,663","3,23,713","3,30,600","-6,888",Feb-23,2023
Midmarket,Germany,Velo,Medium,1530,120,15,"22,950","1,377","21,573","15,300","6,273",May-23,2023
Small Business,France,Velo,Medium,1221,120,300,"3,66,300","21,978","3,44,322","3,05,250","39,072",Oct-22,2022
Midmarket,Canada,VTT,Medium,2844,250,15,"42,660","2,560","40,100","28,440","11,660",Jun-23,2023
Small Business,France,VTT,Medium,1221,250,300,"3,66,300","21,978","3,44,322","3,05,250","39,072",Oct-22,2022
Small Business,Canada,VTT,Medium,2436,250,300,"7,30,800","43,848","6,86,952","6,09,000","77,952",Dec-22,2022
Enterprise,France,Amarilla,Medium,1987.5,260,125,"2,48,438","14,906","2,33,531","2,38,500","-4,969",Jan-23,2023
Midmarket,United States of America,VTT,Medium,1153,250,15,"17,295","1,038","16,257","11,530","4,727",Oct-23,2023
Channel Partners,Mexico,Carretera,Medium,727,3,12,"8,724",611,"8,113","2,181","5,932",Feb-23,2023
Channel Partners,Canada,Carretera,Medium,1884,3,12,"22,608","1,583","21,025","5,652","15,373",Aug-23,2023
Channel Partners,Mexico,Montana,Medium,2340,5,12,"28,080","1,966","26,114","7,020","19,094",Jan-23,2023
Channel Partners,France,Montana,Medium,2342,5,12,"28,104","1,967","26,137","7,026","19,111",Nov-23,2023
Midmarket,Canada,Velo,Medium,1262,120,15,"18,930","1,325","17,605","12,620","4,985",May-23,2023
Channel Partners,France,VTT,Medium,1738.5,250,12,"20,862","1,460","19,402","5,216","14,186",Apr-23,2023
Channel Partners,Germany,VTT,Medium,2215,250,12,"26,580","1,861","24,719","6,645","18,074",Sep-22,2022
Small Business,France,Carretera,Medium,448,3,300,"1,34,400","9,408","1,24,992","1,12,000","12,992",Jun-23,2023
Small Business,France,Carretera,Medium,2181,3,300,"6,54,300","45,801","6,08,499","5,45,250","63,249",Oct-23,2023
Small Business,France,Montana,Medium,2181,5,300,"6,54,300","45,801","6,08,499","5,45,250","63,249",Oct-23,2023
Enterprise,Germany,Montana,Medium,2500,5,125,"3,12,500","21,875","2,90,625","3,00,000","-9,375",Nov-22,2022
Small Business,France,Velo,Medium,1659,120,300,"4,97,700","34,839","4,62,861","4,14,750","48,111",Jul-23,2023
Enterprise,Germany,Velo,Medium,2087,120,125,"2,60,875","18,261","2,42,614","2,50,440","-7,826",Sep-23,2023
Small Business,United States of America,Velo,Medium,1372,120,300,"4,11,600","28,812","3,82,788","3,43,000","39,788",Dec-23,2023
Channel Partners,Canada,VTT,Medium,3244.5,250,12,"38,934","2,725","36,209","9,734","26,475",Jan-23,2023
Small Business,France,VTT,Medium,959,250,300,"2,87,700","20,139","2,67,561","2,39,750","27,811",Feb-23,2023
Small Business,Mexico,VTT,Medium,2747,250,300,"8,24,100","57,687","7,66,413","6,86,750","79,663",Feb-23,2023
Enterprise,Canada,Amarilla,Medium,1645,260,125,"2,05,625","14,394","1,91,231","1,97,400","-6,169",May-23,2023
Enterprise,Germany,Amarilla,Medium,994,260,125,"1,24,250","8,698","1,15,553","1,19,280","-3,728",Sep-22,2022
Small Business,United States of America,Amarilla,Medium,1372,260,300,"4,11,600","28,812","3,82,788","3,43,000","39,788",Dec-23,2023
Enterprise,Mexico,Carretera,Medium,1540,3,125,"1,92,500","15,400","1,77,100","1,84,800","-7,700",Aug-23,2023
Midmarket,France,Carretera,Medium,490,3,15,"7,350",588,"6,762","4,900","1,862",Nov-23,2023
Midmarket,France,Montana,Medium,2501,5,15,"37,515","3,001","34,514","25,010","9,504",Mar-23,2023
Small Business,France,Montana,Medium,1562,5,300,"4,68,600","37,488","4,31,112","3,90,500","40,612",Aug-23,2023
Small Business,Canada,Montana,Medium,1283,5,300,"3,84,900","30,792","3,54,108","3,20,750","33,358",Sep-22,2022
Midmarket,Germany,Montana,Medium,711,5,15,"10,665",853,"9,812","7,110","2,702",Dec-23,2023
Channel Partners,Canada,Velo,Medium,598,120,12,"7,176",574,"6,602","1,794","4,808",Mar-23,2023
Small Business,France,Velo,Medium,386,120,300,"1,15,800","9,264","1,06,536","96,500","10,036",Nov-22,2022
Small Business,Mexico,Velo,Medium,635,120,300,"1,90,500","15,240","1,75,260","1,58,750","16,510",Dec-23,2023
Small Business,Canada,VTT,Medium,2134,250,300,"6,40,200","51,216","5,88,984","5,33,500","55,484",Sep-23,2023
Small Business,United States of America,VTT,Medium,808,250,300,"2,42,400","19,392","2,23,008","2,02,000","21,008",Dec-22,2022
Small Business,Mexico,Amarilla,Medium,2460,260,300,"7,38,000","59,040","6,78,960","6,15,000","63,960",Jun-23,2023
Midmarket,Germany,Amarilla,Medium,711,260,15,"10,665",853,"9,812","7,110","2,702",Dec-23,2023
Channel Partners,Mexico,Amarilla,Medium,1375,260,12,"16,500","1,320","15,180","4,125","11,055",Dec-22,2022
Small Business,Mexico,Amarilla,Medium,635,260,300,"1,90,500","15,240","1,75,260","1,58,750","16,510",Dec-23,2023
Small Business,Canada,Carretera,Medium,1094,3,300,"3,28,200","29,538","2,98,662","2,73,500","25,162",Jun-23,2023
Channel Partners,Mexico,Carretera,Medium,367,3,12,"4,404",396,"4,008","1,101","2,907",Oct-22,2022
Small Business,Canada,Montana,Medium,3802.5,5,300,"11,40,750","1,02,668","10,38,083","9,50,625","87,458",Apr-23,2023
Small Business,France,Montana,Medium,322,5,300,"96,600","8,694","87,906","80,500","7,406",Sep-22,2022
Channel Partners,Canada,Montana,Medium,2321,5,12,"27,852","2,507","25,345","6,963","18,382",Nov-23,2023
Enterprise,France,Montana,Medium,1857,5,125,"2,32,125","20,891","2,11,234","2,22,840","-11,606",Nov-22,2022
Enterprise,United States of America,Montana,Medium,2797,5,125,"3,49,625","31,466","3,18,159","3,35,640","-17,481",Dec-23,2023
Small Business,Germany,Montana,Medium,334,5,300,"1,00,200","9,018","91,182","83,500","7,682",Dec-22,2022
Midmarket,Mexico,Velo,Medium,245,120,15,"3,675",331,"3,344","2,450",894,May-23,2023
Small Business,Canada,Velo,Medium,3793.5,120,300,"11,38,050","1,02,425","10,35,626","9,48,375","87,251",Jul-23,2023
Enterprise,Canada,Velo,Medium,567,120,125,"70,875","6,379","64,496","68,040","-3,544",Sep-23,2023
Enterprise,Mexico,Velo,Medium,2110,120,125,"2,63,750","23,738","2,40,013","2,53,200","-13,188",Sep-23,2023
Channel Partners,United States of America,VTT,Medium,1956,250,12,"23,472","2,112","21,360","5,868","15,492",Jan-23,2023
Small Business,Germany,VTT,Medium,2659,250,300,"7,97,700","71,793","7,25,907","6,64,750","61,157",Feb-23,2023
Channel Partners,Germany,VTT,Medium,880,250,12,"10,560",950,"9,610","2,640","6,970",May-23,2023
Small Business,United States of America,VTT,Medium,1867,250,300,"5,60,100","50,409","5,09,691","4,66,750","42,941",Sep-23,2023
Channel Partners,France,VTT,Medium,2234,250,12,"26,808","2,413","24,395","6,702","17,693",Sep-22,2022
Midmarket,France,VTT,Medium,1227,250,15,"18,405","1,656","16,749","12,270","4,479",Oct-23,2023
Enterprise,Mexico,VTT,Medium,877,250,125,"1,09,625","9,866","99,759","1,05,240","-5,481",Nov-23,2023
Midmarket,Germany,Amarilla,Medium,970,260,15,"14,550","1,310","13,241","9,700","3,541",Nov-22,2022
Channel Partners,Germany,Carretera,Medium,1580,3,12,"18,960","1,706","17,254","4,740","12,514",Sep-23,2023
Channel Partners,France,Velo,Medium,1967,120,12,"23,604","2,124","21,480","5,901","15,579",Mar-23,2023
Midmarket,Mexico,Velo,Medium,2628,120,15,"39,420","3,548","35,872","26,280","9,592",Apr-23,2023
Midmarket,Canada,Amarilla,Medium,1630.5,260,15,"24,458","2,201","22,256","16,305","5,951",Jul-23,2023
Channel Partners,France,Amarilla,Medium,306,260,12,"3,672",330,"3,342",918,"2,424",Dec-22,2022
Channel Partners,United States of America,Carretera,High,386,3,12,"4,632",463,"4,169","1,158","3,011",Oct-22,2022
Enterprise,United States of America,Carretera,High,3445.5,3,125,"4,30,688","43,069","3,87,619","4,13,460","-25,841",Apr-23,2023
Enterprise,France,Carretera,High,1482,3,125,"1,85,250","18,525","1,66,725","1,77,840","-11,115",Dec-22,2022
Enterprise,United States of America,Montana,High,1804,5,125,"2,25,500","22,550","2,02,950","2,16,480","-13,530",Nov-22,2022
Midmarket,France,Montana,High,2072,5,15,"31,080","3,108","27,972","20,720","7,252",Dec-23,2023
Midmarket,Germany,Velo,High,681,120,15,"10,215","1,022","9,194","6,810","2,384",Jan-23,2023
Midmarket,Germany,Velo,High,510,120,15,"7,650",765,"6,885","5,100","1,785",Apr-23,2023
Midmarket,United States of America,Velo,High,790,120,15,"11,850","1,185","10,665","7,900","2,765",May-23,2023
Enterprise,United States of America,Velo,High,1596,120,125,"1,99,500","19,950","1,79,550","1,91,520","-11,970",Sep-23,2023
Small Business,United States of America,Velo,High,2294,120,300,"6,88,200","68,820","6,19,380","5,73,500","45,880",Oct-22,2022
Enterprise,Canada,Velo,High,1916,120,125,"2,39,500","23,950","2,15,550","2,29,920","-14,370",Dec-22,2022
Small Business,France,Velo,High,853,120,300,"2,55,900","25,590","2,30,310","2,13,250","17,060",Dec-23,2023
Enterprise,Mexico,VTT,High,341,250,125,"42,625","4,263","38,363","40,920","-2,558",May-23,2023
Midmarket,Mexico,VTT,High,641,250,15,"9,615",962,"8,654","6,410","2,244",Jul-23,2023
Small Business,Mexico,VTT,High,432,250,300,"1,29,600","12,960","1,16,640","1,08,000","8,640",Sep-23,2023
Small Business,United States of America,VTT,High,2294,250,300,"6,88,200","68,820","6,19,380","5,73,500","45,880",Oct-22,2022
Midmarket,France,VTT,High,2167,250,15,"32,505","3,251","29,255","21,670","7,585",Oct-22,2022
Enterprise,Canada,VTT,High,2529,250,125,"3,16,125","31,613","2,84,513","3,03,480","-18,968",Nov-23,2023
Enterprise,United States of America,Amarilla,High,579,260,125,"72,375","7,238","65,138","69,480","-4,343",Jan-23,2023
Small Business,United States of America,Amarilla,High,2993,260,300,"8,97,900","89,790","8,08,110","7,48,250","59,860",Mar-23,2023
Channel Partners,Canada,Amarilla,High,3520.5,260,12,"42,246","4,225","38,021","10,562","27,460",Apr-23,2023
Channel Partners,Germany,Amarilla,High,2574,260,12,"30,888","3,089","27,799","7,722","20,077",Aug-23,2023
Midmarket,France,Amarilla,High,2072,260,15,"31,080","3,108","27,972","20,720","7,252",Dec-23,2023
Small Business,France,Amarilla,High,853,260,300,"2,55,900","25,590","2,30,310","2,13,250","17,060",Dec-23,2023
Channel Partners,France,Carretera,High,1198,3,12,"14,376","1,581","12,795","3,594","9,201",Oct-22,2022
Midmarket,Canada,Velo,High,384,120,15,"5,760",634,"5,126","3,840","1,286",Jan-23,2023
Channel Partners,Germany,Velo,High,472,120,12,"5,664",623,"5,041","1,416","3,625",Oct-23,2023
Channel Partners,Mexico,VTT,High,1005,250,12,"12,060","1,327","10,733","3,015","7,718",Sep-22,2022
Midmarket,United States of America,Amarilla,High,3199.5,260,15,"47,993","5,279","42,713","31,995","10,718",Jul-23,2023
Channel Partners,Germany,Amarilla,High,472,260,12,"5,664",623,"5,041","1,416","3,625",Oct-23,2023
Channel Partners,Canada,Carretera,High,1937,3,12,"23,244","2,557","20,687","5,811","14,876",Feb-23,2023
Small Business,Germany,Carretera,High,2811,3,300,"8,43,300","92,763","7,50,537","7,02,750","47,787",Jul-23,2023
Enterprise,France,Carretera,High,2441,3,125,"3,05,125","33,564","2,71,561","2,92,920","-21,359",Oct-23,2023
Midmarket,Canada,Carretera,High,1560,3,15,"23,400","2,574","20,826","15,600","5,226",Nov-22,2022
Midmarket,Mexico,Montana,High,2157,5,15,"32,355","3,559","28,796","21,570","7,226",Dec-23,2023
Midmarket,Mexico,Velo,High,655,120,15,"9,825","1,081","8,744","6,550","2,194",Sep-22,2022
Channel Partners,France,VTT,High,1734,250,12,"20,808","2,289","18,519","5,202","13,317",Jan-23,2023
Enterprise,Mexico,VTT,High,554,250,125,"69,250","7,618","61,633","66,480","-4,848",Jan-23,2023
Enterprise,Germany,Amarilla,High,3165,260,125,"3,95,625","43,519","3,52,106","3,79,800","-27,694",Jan-23,2023
Enterprise,France,Amarilla,High,1433,260,125,"1,79,125","19,704","1,59,421","1,71,960","-12,539",May-23,2023
Enterprise,Mexico,Amarilla,High,947,260,125,"1,18,375","13,021","1,05,354","1,13,640","-8,286",Sep-22,2022
Midmarket,Mexico,Amarilla,High,2157,260,15,"32,355","3,559","28,796","21,570","7,226",Dec-23,2023
Enterprise,Canada,Carretera,High,2416,3,125,"3,02,000","36,240","2,65,760","2,89,920","-24,160",Sep-22,2022
Enterprise,Mexico,Carretera,High,2156,3,125,"2,69,500","32,340","2,37,160","2,58,720","-21,560",Oct-23,2023
Midmarket,Canada,Carretera,High,2689,3,15,"40,335","4,840","35,495","26,890","8,605",Nov-23,2023
Midmarket,United States of America,Montana,High,677,5,15,"10,155","1,219","8,936","6,770","2,166",Mar-23,2023
Small Business,France,Montana,High,1773,5,300,"5,31,900","63,828","4,68,072","4,43,250","24,822",Apr-23,2023
Small Business,France,Montana,High,1186,5,300,"3,55,800","42,696","3,13,104","2,96,500","16,604",Dec-22,2022
Channel Partners,Canada,VTT,High,2109,250,12,"25,308","3,037","22,271","6,327","15,944",May-23,2023
Midmarket,France,VTT,High,3874.5,250,15,"58,118","6,974","51,143","38,745","12,398",Jul-23,2023
Enterprise,United States of America,VTT,High,2387,250,125,"2,98,375","35,805","2,62,570","2,86,440","-23,870",Nov-23,2023
Midmarket,United States of America,Amarilla,High,2548,260,15,"38,220","4,586","33,634","25,480","8,154",Nov-22,2022
Channel Partners,Mexico,Montana,High,2661,5,12,"31,932","3,832","28,100","7,983","20,117",May-23,2023
Channel Partners,Canada,Amarilla,High,2761,260,12,"33,132","3,976","29,156","8,283","20,873",Sep-22,2022
Midmarket,United States of America,Carretera,High,2567,3,15,"38,505","5,006","33,499","25,670","7,829",Jun-23,2023
Midmarket,United States of America,VTT,High,2567,250,15,"38,505","5,006","33,499","25,670","7,829",Jun-23,2023
Channel Partners,Mexico,Montana,High,604,5,12,"7,248",942,"6,306","1,812","4,494",Jun-23,2023
Midmarket,France,Velo,High,3997.5,120,15,"59,963","7,795","52,167","39,975","12,192",Jan-23,2023
Channel Partners,Mexico,Velo,High,604,120,12,"7,248",942,"6,306","1,812","4,494",Jun-23,2023
Midmarket,Germany,Velo,High,660,120,15,"9,900","1,287","8,613","6,600","2,013",Sep-22,2022
Channel Partners,Mexico,Velo,High,410,120,12,"4,920",640,"4,280","1,230","3,050",Oct-23,2023
Small Business,Mexico,Velo,High,2605,120,300,"7,81,500","1,01,595","6,79,905","6,51,250","28,655",Nov-22,2022
Channel Partners,Germany,Velo,High,1013,120,12,"12,156","1,580","10,576","3,039","7,537",Dec-23,2023
Enterprise,Canada,VTT,High,1583,250,125,"1,97,875","25,724","1,72,151","1,89,960","-17,809",Jun-23,2023
Midmarket,Canada,VTT,High,1565,250,15,"23,475","3,052","20,423","15,650","4,773",Oct-23,2023
Enterprise,Canada,Amarilla,High,1659,260,125,"2,07,375","26,959","1,80,416","1,99,080","-18,664",Jan-23,2023
Channel Partners,Mexico,Amarilla,High,410,260,12,"4,920",640,"4,280","1,230","3,050",Oct-23,2023
Channel Partners,Germany,Amarilla,High,1770,260,12,"21,240","2,761","18,479","5,310","13,169",Dec-22,2022
Channel Partners,France,Amarilla,High,1393,260,12,"16,716","2,340","14,376","4,179","10,197",Oct-23,2023
Channel Partners,United States of America,Amarilla,High,2015,260,12,"24,180","3,385","20,795","6,045","14,750",Dec-22,2022
Small Business,Mexico,Carretera,High,801,3,300,"2,40,300","33,642","2,06,658","2,00,250","6,408",Jul-23,2023
Enterprise,France,Carretera,High,1023,3,125,"1,27,875","17,903","1,09,973","1,22,760","-12,788",Sep-22,2022
Small Business,Canada,Carretera,High,1496,3,300,"4,48,800","62,832","3,85,968","3,74,000","11,968",Oct-23,2023
Small Business,United States of America,Carretera,High,1010,3,300,"3,03,000","42,420","2,60,580","2,52,500","8,080",Oct-23,2023
Midmarket,Germany,Carretera,High,1513,3,15,"22,695","3,177","19,518","15,130","4,388",Nov-23,2023
Midmarket,Canada,Carretera,High,2300,3,15,"34,500","4,830","29,670","23,000","6,670",Dec-23,2023
Enterprise,Mexico,Carretera,High,2821,3,125,"3,52,625","49,368","3,03,258","3,38,520","-35,263",Dec-22,2022
Midmarket,Canada,Montana,High,2300,5,15,"34,500","4,830","29,670","23,000","6,670",Dec-23,2023
Enterprise,Mexico,Velo,High,1575,120,125,"1,96,875","27,563","1,69,313","1,89,000","-19,688",Feb-23,2023
Small Business,United States of America,Velo,High,2460,120,300,"7,38,000","1,03,320","6,34,680","6,15,000","19,680",Jul-23,2023
Small Business,Canada,Velo,High,269,120,300,"80,700","11,298","69,402","67,250","2,152",Oct-22,2022
Small Business,Germany,Velo,High,2536,120,300,"7,60,800","1,06,512","6,54,288","6,34,000","20,288",Nov-22,2022
Small Business,United States of America,VTT,High,2541,250,300,"7,62,300","1,06,722","6,55,578","6,35,250","20,328",Aug-23,2023
Small Business,Canada,VTT,High,269,250,300,"80,700","11,298","69,402","67,250","2,152",Oct-22,2022
Small Business,Canada,VTT,High,1496,250,300,"4,48,800","62,832","3,85,968","3,74,000","11,968",Oct-23,2023
Small Business,United States of America,VTT,High,1010,250,300,"3,03,000","42,420","2,60,580","2,52,500","8,080",Oct-23,2023
Small Business,Canada,Amarilla,High,888,260,300,"2,66,400","37,296","2,29,104","2,22,000","7,104",Mar-23,2023
Enterprise,United States of America,Amarilla,High,2844,260,125,"3,55,500","49,770","3,05,730","3,41,280","-35,550",May-23,2023
Channel Partners,France,Amarilla,High,2475,260,12,"29,700","4,158","25,542","7,425","18,117",Aug-23,2023
Midmarket,Canada,Amarilla,High,1743,260,15,"26,145","3,660","22,485","17,430","5,055",Oct-22,2022
Channel Partners,United States of America,Amarilla,High,2914,260,12,"34,968","4,896","30,072","8,742","21,330",Oct-23,2023
Midmarket,Mexico,Amarilla,High,1870,260,15,"28,050","3,927","24,123","18,700","5,423",Nov-22,2022
Enterprise,France,Carretera,High,1174,3,125,"1,46,750","22,013","1,24,738","1,40,880","-16,143",Aug-23,2023
Enterprise,Germany,Carretera,High,2767,3,125,"3,45,875","51,881","2,93,994","3,32,040","-38,046",Aug-23,2023
Enterprise,Germany,Carretera,High,1085,3,125,"1,35,625","20,344","1,15,281","1,30,200","-14,919",Oct-23,2023
Small Business,Mexico,Montana,High,546,5,300,"1,63,800","24,570","1,39,230","1,36,500","2,730",Oct-23,2023
Channel Partners,Mexico,Velo,High,500,120,12,"6,000",900,"5,100","1,500","3,600",Mar-23,2023
Midmarket,France,Velo,High,2826,120,15,"42,390","6,359","36,032","28,260","7,772",May-23,2023
Enterprise,France,Velo,High,663,120,125,"82,875","12,431","70,444","79,560","-9,116",Sep-23,2023
Small Business,United States of America,Velo,High,2574,120,300,"7,72,200","1,15,830","6,56,370","6,43,500","12,870",Nov-22,2022
Enterprise,United States of America,Velo,High,2438,120,125,"3,04,750","45,713","2,59,038","2,92,560","-33,523",Dec-22,2022
Channel Partners,United States of America,Velo,High,914,120,12,"10,968","1,645","9,323","2,742","6,581",Dec-23,2023
Midmarket,Germany,VTT,High,492,250,15,"7,380","1,107","6,273","4,920","1,353",Jul-23,2023
Midmarket,Germany,VTT,High,1175,250,15,"17,625","2,644","14,981","11,750","3,231",Oct-23,2023
Enterprise,Canada,VTT,High,2954,250,125,"3,69,250","55,388","3,13,863","3,54,480","-40,618",Nov-22,2022
Enterprise,Germany,VTT,High,552,250,125,"69,000","10,350","58,650","66,240","-7,590",Nov-23,2023
Small Business,France,Amarilla,High,2475,260,300,"7,42,500","1,11,375","6,31,125","6,18,750","12,375",Mar-23,2023
Small Business,Mexico,Amarilla,High,546,260,300,"1,63,800","24,570","1,39,230","1,36,500","2,730",Oct-23,2023
Channel Partners,United States of America,VTT,High,1806,250,12,"21,672","3,251","18,421","5,418","13,003",May-23,2023
Midmarket,Mexico,Paseo,None,974,10,15,"14,610",0,"14,610","9,740","4,870",Feb-23,2023
Channel Partners,Canada,Paseo,None,2518,10,12,"30,216",0,"30,216","7,554","22,662",Jun-23,2023
Channel Partners,Germany,Paseo,None,367,10,12,"4,404",0,"4,404","1,101","3,303",Jul-23,2023
Midmarket,France,Paseo,None,549,10,15,"8,235",0,"8,235","5,490","2,745",Sep-22,2022
Small Business,Mexico,Paseo,None,788,10,300,"2,36,400",0,"2,36,400","1,97,000","39,400",Sep-22,2022
Midmarket,Mexico,Paseo,None,2472,10,15,"37,080",0,"37,080","24,720","12,360",Sep-23,2023
Channel Partners,United States of America,Paseo,None,912,10,12,"10,944",0,"10,944","2,736","8,208",Nov-22,2022
Midmarket,Canada,Paseo,None,2152,10,15,"32,280",0,"32,280","21,520","10,760",Dec-22,2022
Midmarket,France,Paseo,Low,2296,10,15,"34,440",344,"34,096","22,960","11,136",Feb-23,2023
Midmarket,United States of America,Paseo,Low,1514,10,15,"22,710",227,"22,483","15,140","7,343",Feb-23,2023
Enterprise,United States of America,Paseo,Low,727,10,125,"90,875",909,"89,966","87,240","2,726",Jun-23,2023
Enterprise,France,Paseo,Low,787,10,125,"98,375",984,"97,391","94,440","2,951",Jun-23,2023
Enterprise,Mexico,Paseo,Low,1823,10,125,"2,27,875","2,279","2,25,596","2,18,760","6,836",Jul-23,2023
Midmarket,Germany,Paseo,Low,747,10,15,"11,205",112,"11,093","7,470","3,623",Sep-23,2023
Channel Partners,Germany,Paseo,Low,766,10,12,"9,192",92,"9,100","2,298","6,802",Oct-22,2022
Small Business,United States of America,Paseo,Low,2905,10,300,"8,71,500","8,715","8,62,785","7,26,250","1,36,535",Nov-23,2023
Midmarket,Canada,Paseo,Low,2363,10,15,"35,445",709,"34,736","23,630","11,106",Feb-23,2023
Small Business,France,Paseo,Low,918,10,300,"2,75,400","5,508","2,69,892","2,29,500","40,392",May-23,2023
Small Business,Germany,Paseo,Low,1728,10,300,"5,18,400","10,368","5,08,032","4,32,000","76,032",May-23,2023
Channel Partners,United States of America,Paseo,Low,1142,10,12,"13,704",274,"13,430","3,426","10,004",Jun-23,2023
Enterprise,Mexico,Paseo,Low,662,10,125,"82,750","1,655","81,095","79,440","1,655",Jun-23,2023
Channel Partners,Canada,Paseo,Low,1295,10,12,"15,540",311,"15,229","3,885","11,344",Oct-23,2023
Enterprise,Germany,Paseo,Low,809,10,125,"1,01,125","2,023","99,103","97,080","2,023",Oct-22,2022
Enterprise,Mexico,Paseo,Low,2145,10,125,"2,68,125","5,363","2,62,763","2,57,400","5,363",Oct-22,2022
Channel Partners,France,Paseo,Low,1785,10,12,"21,420",428,"20,992","5,355","15,637",Nov-22,2022
Small Business,Canada,Paseo,Low,1916,10,300,"5,74,800","11,496","5,63,304","4,79,000","84,304",Dec-23,2023
Enterprise,Canada,Paseo,Low,2729,10,125,"3,41,125","6,823","3,34,303","3,27,480","6,823",Dec-23,2023
Midmarket,United States of America,Paseo,Low,1925,10,15,"28,875",578,"28,298","19,250","9,048",Dec-22,2022
Channel Partners,France,Paseo,Low,1055,10,12,"12,660",253,"12,407","3,165","9,242",Dec-23,2023
Channel Partners,Mexico,Paseo,Low,1084,10,12,"13,008",260,"12,748","3,252","9,496",Dec-23,2023
Small Business,France,Paseo,Low,2434.5,10,300,"7,30,350","21,911","7,08,440","6,08,625","99,815",Jan-23,2023
Enterprise,Canada,Paseo,Low,1774,10,125,"2,21,750","6,653","2,15,098","2,12,880","2,218",Mar-23,2023
Channel Partners,France,Paseo,Low,1901,10,12,"22,812",684,"22,128","5,703","16,425",Jun-23,2023
Small Business,Germany,Paseo,Low,689,10,300,"2,06,700","6,201","2,00,499","1,72,250","28,249",Jun-23,2023
Enterprise,Germany,Paseo,Low,1570,10,125,"1,96,250","5,888","1,90,363","1,88,400","1,963",Jun-23,2023
Channel Partners,United States of America,Paseo,Low,1369.5,10,12,"16,434",493,"15,941","4,109","11,832",Jul-23,2023
Enterprise,Canada,Paseo,Low,2009,10,125,"2,51,125","7,534","2,43,591","2,41,080","2,511",Oct-23,2023
Midmarket,Germany,Paseo,Low,1945,10,15,"29,175",875,"28,300","19,450","8,850",Oct-22,2022
Enterprise,France,Paseo,Low,1287,10,125,"1,60,875","4,826","1,56,049","1,54,440","1,609",Dec-23,2023
Enterprise,Germany,Paseo,Low,1706,10,125,"2,13,250","6,398","2,06,853","2,04,720","2,133",Dec-23,2023
Midmarket,Mexico,Paseo,Low,2031,10,15,"30,465","1,219","29,246","20,310","8,936",Oct-23,2023
Midmarket,France,Paseo,Low,2261,10,15,"33,915","1,357","32,558","22,610","9,948",Dec-22,2022
Enterprise,Germany,Paseo,Low,795,10,125,"99,375","3,975","95,400","95,400",0,Mar-23,2023
Small Business,Germany,Paseo,Low,1414.5,10,300,"4,24,350","16,974","4,07,376","3,53,625","53,751",Apr-23,2023
Small Business,United States of America,Paseo,Low,2918,10,300,"8,75,400","35,016","8,40,384","7,29,500","1,10,884",May-23,2023
Enterprise,France,Paseo,Low,2988,10,125,"3,73,500","14,940","3,58,560","3,58,560",0,Jul-23,2023
Midmarket,Canada,Paseo,Low,218,10,15,"3,270",131,"3,139","2,180",959,Sep-23,2023
Midmarket,United States of America,Paseo,Low,671,10,15,"10,065",403,"9,662","6,710","2,952",Oct-22,2022
Midmarket,Mexico,Paseo,Low,1514,10,15,"22,710",908,"21,802","15,140","6,662",Oct-22,2022
Enterprise,Mexico,Paseo,Low,1138,10,125,"1,42,250","5,690","1,36,560","1,36,560",0,Dec-23,2023
Channel Partners,Canada,Paseo,Medium,2431,10,12,"29,172","1,459","27,713","7,293","20,420",Dec-23,2023
Enterprise,United States of America,Paseo,Medium,2992,10,125,"3,74,000","18,700","3,55,300","3,59,040","-3,740",Mar-23,2023
Enterprise,France,Paseo,Medium,2385,10,125,"2,98,125","14,906","2,83,219","2,86,200","-2,981",Mar-23,2023
Small Business,Mexico,Paseo,Medium,1607,10,300,"4,82,100","24,105","4,57,995","4,01,750","56,245",Apr-23,2023
Small Business,United States of America,Paseo,Medium,991,10,300,"2,97,300","14,865","2,82,435","2,47,750","34,685",Jun-23,2023
Midmarket,France,Paseo,Medium,2620,10,15,"39,300","1,965","37,335","26,200","11,135",Sep-23,2023
Enterprise,United States of America,Paseo,Medium,861,10,125,"1,07,625","5,381","1,02,244","1,03,320","-1,076",Oct-23,2023
Enterprise,France,Paseo,Medium,704,10,125,"88,000","4,400","83,600","84,480",-880,Oct-22,2022
Midmarket,Germany,Paseo,Medium,2116,10,15,"31,740","1,587","30,153","21,160","8,993",Dec-22,2022
Midmarket,France,Paseo,Medium,3801,10,15,"57,015","3,421","53,594","38,010","15,584",Apr-23,2023
Channel Partners,Canada,Paseo,Medium,2299,10,12,"27,588","1,655","25,933","6,897","19,036",Oct-22,2022
Midmarket,United States of America,Paseo,Medium,2198,10,15,"32,970","1,978","30,992","21,980","9,012",Aug-23,2023
Midmarket,Germany,Paseo,Medium,1743,10,15,"26,145","1,569","24,576","17,430","7,146",Aug-23,2023
Midmarket,United States of America,Paseo,Medium,1153,10,15,"17,295","1,038","16,257","11,530","4,727",Oct-23,2023
Small Business,Canada,Paseo,Medium,1702,10,300,"5,10,600","35,742","4,74,858","4,25,500","49,358",May-23,2023
Small Business,France,Paseo,Medium,448,10,300,"1,34,400","9,408","1,24,992","1,12,000","12,992",Jun-23,2023
Enterprise,Germany,Paseo,Medium,3513,10,125,"4,39,125","30,739","4,08,386","4,21,560","-13,174",Jul-23,2023
Midmarket,France,Paseo,Medium,2101,10,15,"31,515","2,206","29,309","21,010","8,299",Aug-23,2023
Midmarket,United States of America,Paseo,Medium,2931,10,15,"43,965","3,078","40,887","29,310","11,577",Sep-22,2022
Small Business,Germany,Paseo,Medium,1123,10,300,"3,36,900","23,583","3,13,317","2,80,750","32,567",Sep-22,2022
Small Business,Canada,Paseo,Medium,1404,10,300,"4,21,200","29,484","3,91,716","3,51,000","40,716",Nov-22,2022
Channel Partners,Mexico,Paseo,Medium,2763,10,12,"33,156","2,321","30,835","8,289","22,546",Nov-22,2022
Enterprise,Mexico,Paseo,Medium,1114,10,125,"1,39,250","11,140","1,28,110","1,33,680","-5,570",Mar-23,2023
Small Business,Mexico,Paseo,Medium,2460,10,300,"7,38,000","59,040","6,78,960","6,15,000","63,960",Jun-23,2023
Small Business,Mexico,Paseo,Medium,2565,10,300,"7,69,500","69,255","7,00,245","6,41,250","58,995",Jan-23,2023
Midmarket,United States of America,Paseo,Medium,3675,10,15,"55,125","4,961","50,164","36,750","13,414",Apr-23,2023
Small Business,Canada,Paseo,Medium,1094,10,300,"3,28,200","29,538","2,98,662","2,73,500","25,162",Jun-23,2023
Midmarket,France,Paseo,Medium,1227,10,15,"18,405","1,656","16,749","12,270","4,479",Oct-23,2023
Channel Partners,Mexico,Paseo,Medium,367,10,12,"4,404",396,"4,008","1,101","2,907",Oct-22,2022
Small Business,France,Paseo,Medium,1324,10,300,"3,97,200","35,748","3,61,452","3,31,000","30,452",Nov-23,2023
Channel Partners,Germany,Paseo,Medium,1775,10,12,"21,300","1,917","19,383","5,325","14,058",Nov-22,2022
Enterprise,United States of America,Paseo,Medium,2797,10,125,"3,49,625","31,466","3,18,159","3,35,640","-17,481",Dec-23,2023
Channel Partners,United States of America,Paseo,High,386,10,12,"4,632",463,"4,169","1,158","3,011",Oct-22,2022
Small Business,Mexico,Paseo,High,591,10,300,"1,77,300","17,730","1,59,570","1,47,750","11,820",May-23,2023
Midmarket,France,Paseo,High,2167,10,15,"32,505","3,251","29,255","21,670","7,585",Oct-22,2022
Channel Partners,France,Paseo,High,1198,10,12,"14,376","1,581","12,795","3,594","9,201",Oct-22,2022
Small Business,Canada,Paseo,High,873,10,300,"2,61,900","28,809","2,33,091","2,18,250","14,841",Jan-23,2023
Channel Partners,Canada,Paseo,High,4026,10,12,"48,312","5,314","42,998","12,078","30,920",Jul-23,2023
Channel Partners,France,Paseo,High,2425.5,10,12,"29,106","3,202","25,904","7,277","18,628",Jul-23,2023
Midmarket,Mexico,Paseo,High,1984,10,15,"29,760","3,274","26,486","19,840","6,646",Aug-23,2023
Enterprise,France,Paseo,High,2441,10,125,"3,05,125","33,564","2,71,561","2,92,920","-21,359",Oct-23,2023
Small Business,Canada,Paseo,High,1366,10,300,"4,09,800","45,078","3,64,722","3,41,500","23,222",Nov-23,2023
Small Business,United States of America,Paseo,High,3495,10,300,"10,48,500","1,25,820","9,22,680","8,73,750","48,930",Jan-23,2023
Enterprise,Mexico,Paseo,High,2156,10,125,"2,69,500","32,340","2,37,160","2,58,720","-21,560",Oct-23,2023
Small Business,Germany,Paseo,High,1359,10,300,"4,07,700","48,924","3,58,776","3,39,750","19,026",Nov-23,2023
Small Business,Mexico,Paseo,High,2150,10,300,"6,45,000","77,400","5,67,600","5,37,500","30,100",Nov-23,2023
Midmarket,Mexico,Paseo,High,380,10,15,"5,700",684,"5,016","3,800","1,216",Dec-22,2022
Small Business,Germany,Paseo,High,807,10,300,"2,42,100","31,473","2,10,627","2,01,750","8,877",Jan-23,2023
Enterprise,Canada,Paseo,High,1583,10,125,"1,97,875","25,724","1,72,151","1,89,960","-17,809",Jun-23,2023
Channel Partners,Mexico,Paseo,High,571,10,12,"6,852",891,"5,961","1,713","4,248",Jul-23,2023
Midmarket,Canada,Paseo,High,1565,10,15,"23,475","3,052","20,423","15,650","4,773",Oct-23,2023
Channel Partners,Germany,Paseo,High,1013,10,12,"12,156","1,580","10,576","3,039","7,537",Dec-23,2023
Midmarket,Germany,Paseo,High,278,10,15,"4,170",584,"3,586","2,780",806,Feb-23,2023
Midmarket,United States of America,Paseo,High,1767,10,15,"26,505","3,711","22,794","17,670","5,124",Sep-23,2023
Channel Partners,France,Paseo,High,1393,10,12,"16,716","2,340","14,376","4,179","10,197",Oct-23,2023
Midmarket,Canada,Paseo,High,2470,10,15,"37,050","5,187","31,863","24,700","7,163",Sep-22,2022
Midmarket,Canada,Paseo,High,1743,10,15,"26,145","3,660","22,485","17,430","5,055",Oct-22,2022
Channel Partners,United States of America,Paseo,High,2914,10,12,"34,968","4,896","30,072","8,742","21,330",Oct-23,2023
Channel Partners,Canada,Paseo,High,2222,10,12,"26,664","3,733","22,931","6,666","16,265",Nov-22,2022
Midmarket,Canada,Paseo,High,1614,10,15,"24,210","3,632","20,579","16,140","4,439",Apr-23,2023
Midmarket,Canada,Paseo,High,2559,10,15,"38,385","5,758","32,627","25,590","7,037",Aug-23,2023
Enterprise,Germany,Paseo,High,1085,10,125,"1,35,625","20,344","1,15,281","1,30,200","-14,919",Oct-23,2023
Midmarket,Germany,Paseo,High,1175,10,15,"17,625","2,644","14,981","11,750","3,231",Oct-23,2023
Channel Partners,United States of America,Paseo,High,914,10,12,"10,968","1,645","9,323","2,742","6,581",Dec-23,2023
